model,ngram_range,min_df,max_features,svd_n_components,training_rows,train_time_sec,validation_inference_sec,params,C,accuracy,precision,recall,f1,roc_auc,alpha,hidden_layer_sizes,learning_rate_init
Linear SVM,"(1, 2)",5,5000,,1280000,7.935717917000005,0.006626624999995556,5001,0.5,0.7967125,0.7873380946616633,0.813025,0.7999754012668348,0.877387844921875,,,
Logistic Regression,"(1, 2)",5,5000,,1280000,4.790096083999998,0.006919917000004716,5001,0.5,0.79720625,0.7896923545537619,0.810175,0.7998025605429585,0.87761555921875,,,
MLP Neural Baseline,"(1, 1)",5,5000,300.0,100000,3.2838874999999916,0.16715270800000326,38657,,0.7412125,0.7332865881670253,0.7582,0.7455352204427291,0.8200427407812501,0.01,"(128,)",0.0001
