model,ngram_range,min_df,max_features,training_rows,train_time_sec,validation_inference_sec,params,C,accuracy,precision,recall,f1,roc_auc,alpha,hidden_layer_sizes,learning_rate_init
Linear SVM,"(1, 2)",5,5000,1280000,7.088163707999996,0.01139729199999806,5001,0.5,0.7967125,0.7873380946616633,0.813025,0.7999754012668348,0.877387844921875,,,
Logistic Regression,"(1, 2)",5,5000,1280000,4.328950542000001,0.007631291000024021,5001,0.5,0.79720625,0.7896923545537619,0.810175,0.7998025605429585,0.87761555921875,,,
MLP Neural Baseline,"(1, 1)",5,3000,100000,15.599938375000022,0.14679862500003082,384257,,0.7859,0.7914893074707516,0.7763125,0.7838274456350258,0.868004379296875,0.01,"(128,)",0.0005
