accuracy,precision,recall,f1,roc_auc,model,split,rows,training_rows,train_time_sec,prediction_time_sec,scoring_time_sec,tweets_per_second,parameter_count
0.7974875,0.7874067096587204,0.815025,0.8009778509391545,0.878336395390625,Linear SVM,full_test,160000,1440000,8.85027520899996,0.0028505000000222935,0.0022342080000044007,56130503.42001356,5001
0.79801875,0.7900249376558603,0.8118,0.8007644647205696,0.8785897378125,Logistic Regression,full_test,160000,1440000,7.200040584000021,0.002798166000047786,0.0021320409999816547,57180310.24509182,5001
0.743625,0.7372662641215426,0.757025,0.7470149990132228,0.8227009560937499,MLP Neural Baseline,full_test,160000,100000,5.153760292000015,0.09277474999998958,0.07287720900001204,1724607.1802944008,38657
0.7780809986935695,0.7944240645634629,0.8251790885535741,0.8095095693779905,0.8555009755181888,Linear SVM,high_noise_test,34445,1440000,8.85027520899996,0.0006682920000002923,0.0005077910000181873,51541840.991639785,5001
0.7777616490056612,0.7955573029290348,0.8224356043286084,0.8087732007694037,0.8557723166490458,Logistic Regression,high_noise_test,34445,1440000,7.200040584000021,0.0017814160000284573,0.0005910830000175338,19335741.903884187,5001
0.7321527072143997,0.7589007179995049,0.7786414672560077,0.7686443653142083,0.8021097974911561,MLP Neural Baseline,high_noise_test,34445,100000,5.153760292000015,0.02138404200002242,0.01609183400000802,1610780.5998493591,38657
