model,accuracy_delta_high_noise_minus_full,precision_delta_high_noise_minus_full,recall_delta_high_noise_minus_full,f1_delta_high_noise_minus_full,roc_auc_delta_high_noise_minus_full
Linear SVM,-0.019406501306430513,0.007017354904742534,0.010154088553574137,0.008531718438835934,-0.022835419872436202
Logistic Regression,-0.02025710099433875,0.005532365273174467,0.010635604328608439,0.00800873604883412,-0.0228174211634542
MLP Neural Baseline,-0.011472292785600247,0.021634453877962256,0.021616467256007743,0.021629366300985553,-0.020591158602593862
